<?xml version="1.0" encoding="UTF-8"?>
<mappings xmlns="http://dozer.sourceforge.net"
  xmlns:xsi="http://www.w3.org/2001/XMLSchema-instance"
    xsi:schemaLocation="http://dozer.sourceforge.net 
      http://dozer.sourceforge.net/schema/beanmapping.xsd">
       
     <mapping wildcard="false">
        <class-a>com.example.ecommerce.dao.ProductDao</class-a>
        <class-b>com.example.ecommerce.model.Product</class-b>
        <field>
            <a>price</a>
            <b>price</b>
        </field>
        <field>
            <a>description</a>
            <b>description</b>
        </field>
        <field>
            <a>name</a>
            <b>name</b>
        </field>
        
    </mapping>
 
   
 
</mappings>