<?xml version="1.0" encoding="UTF-8"?>
<beans xmlns="http://www.springframework.org/schema/beans"
    xmlns:xsi="http://www.w3.org/2001/XMLSchema-instance"
    xsi:schemaLocation="
        http://www.springframework.org/schema/beans http://www.springframework.org/schema/beans/spring-beans.xsd
        http://www.springframework.org/schema/util http://www.springframework.org/schema/util/spring-util.xsd">

    <!-- bean definitions here -->
	<bean id="mapper" class="org.dozer.DozerBeanMapper">
    <property name="mappingFiles">
        <list>
        	<value>DozerBeanMapper.xml</value>
        </list>
    </property>
	</bean>
	
	<bean id="redirectStrategy" class="org.springframework.security.web.DefaultRedirectStrategy"/>
</beans>